Employee_ID,Monthly_Target,Monthly_Achieved,Performance_Rating,Overtime_Hours
1,107,104,5,16
2,120,117,4,1
3,145,128,2,12
4,104,137,1,13
5,137,138,2,10
6,120,50,1,9
7,85,56,2,2
8,117,106,1,16
9,85,144,1,14
10,124,61,3,8
11,93,155,1,9
12,145,54,1,7
13,119,157,3,12
14,82,99,5,17
15,103,91,5,4
16,98,151,3,5
17,97,61,4,16
18,143,152,1,10
19,114,67,1,19
20,141,115,3,15
21,80,123,3,8
22,104,128,4,1
23,124,143,5,4
24,128,157,2,0
25,95,66,5,3
26,98,117,1,3
27,102,120,3,2
28,104,111,4,8
29,95,90,5,11
30,133,144,4,9
31,80,152,5,1
32,121,83,1,10
33,98,119,2,9
34,113,151,4,5
35,134,94,4,17
36,97,107,2,1
37,113,100,4,1
38,124,83,4,9
39,85,93,5,15
40,100,64,5,11
41,149,127,2,0
42,127,119,1,7
43,118,99,4,15
44,110,150,1,17
45,89,81,2,12
46,109,116,2,14
47,97,52,5,11
48,139,135,4,7
49,94,135,3,9
50,83,123,2,13
51,142,100,4,4
52,119,116,1,17
53,88,125,5,18
54,88,142,1,14
55,105,97,2,5
56,83,66,2,10
57,95,56,1,10
58,94,62,2,19
59,131,115,4,19
60,148,53,2,17
61,84,59,5,17
62,99,152,4,9
63,97,137,3,1
64,81,66,2,8
65,92,101,2,13
66,83,55,5,18
67,121,132,5,9
68,140,118,1,3
69,87,145,1,5
70,146,123,1,13
71,142,58,5,3
72,88,140,1,14
73,90,126,1,15
74,121,132,3,6
75,92,70,1,16
76,115,73,2,18
77,92,151,5,18
78,91,53,4,16
79,116,73,3,5
80,131,108,5,10
81,81,148,5,15
82,135,52,2,7
83,139,117,1,10
84,102,150,2,6
85,119,89,1,18
86,143,97,1,9
87,102,103,5,8
88,108,84,1,3
89,130,144,3,14
90,148,105,3,12
91,110,157,3,1
92,129,138,5,1
93,99,89,2,15
94,134,126,4,8
95,81,117,1,12
96,104,95,4,2
97,92,127,2,8
98,149,62,2,12
99,146,76,5,1
100,137,55,3,7
101,143,66,3,8
102,148,85,2,15
103,138,153,5,1
104,139,148,5,5
105,141,130,1,7
106,95,154,3,4
107,147,51,2,8
108,94,126,4,0
109,134,101,3,8
110,114,115,1,9
111,134,101,5,3
112,93,141,2,2
113,128,92,3,9
114,86,139,4,14
115,109,71,1,10
116,128,156,1,13
117,95,104,3,5
118,130,116,4,11
119,121,148,1,12
120,96,109,2,16
121,142,107,1,15
122,124,61,4,2
123,86,137,5,1
124,106,118,5,10
125,89,133,3,8
126,113,152,4,2
127,115,88,1,17
128,104,62,1,19
129,85,90,5,14
130,103,106,5,13
131,97,102,2,1
132,85,158,5,16
133,108,61,2,7
134,104,62,1,9
135,134,123,2,17
136,125,146,2,18
137,103,106,3,7
138,105,89,5,7
139,107,129,2,2
140,82,94,1,2
141,117,84,4,11
142,140,52,2,16
143,130,54,5,3
144,127,139,3,16
145,100,60,1,13
146,133,120,3,18
147,135,105,4,8
148,138,59,2,11
149,130,155,2,4
150,99,83,5,10
151,138,116,2,19
152,88,121,1,2
153,80,80,4,14
154,108,124,3,13
155,142,158,4,10
156,135,120,2,19
157,147,158,3,7
158,114,115,5,3
159,82,119,4,11
160,86,90,3,7
161,106,112,3,5
162,80,81,3,14
163,123,69,1,11
164,120,106,4,15
165,121,147,3,15
166,112,99,4,19
167,129,129,3,19
168,142,74,5,3
169,116,61,5,10
170,138,120,5,12
171,127,88,2,8
172,84,66,3,3
173,127,94,2,11
174,82,60,4,8
175,126,119,2,12
176,141,72,4,15
177,93,140,4,5
178,142,159,4,9
179,140,119,2,12
180,110,87,3,6
181,96,51,2,18
182,103,135,3,18
183,102,133,3,16
184,129,138,4,12
185,149,128,2,12
186,106,142,3,1
187,94,121,5,9
188,129,86,3,12
189,115,98,5,8
190,87,101,2,0
191,82,82,2,13
192,141,71,2,15
193,126,54,3,19
194,140,152,1,14
195,111,67,3,0
196,92,87,3,16
197,80,86,4,12
198,113,143,4,14
199,141,144,3,15
200,110,113,5,15
201,143,59,4,1
202,104,128,3,16
203,117,91,1,10
204,93,97,5,7
205,87,93,2,19
206,133,131,3,2
207,81,136,3,11
208,135,146,5,19
209,140,65,4,15
210,101,103,4,13
211,114,151,4,15
212,95,84,2,16
213,129,147,5,10
214,122,77,5,16
215,96,51,4,18
216,137,143,4,0
217,81,62,1,11
218,83,90,1,14
219,118,129,3,17
220,85,108,3,13
221,148,118,5,0
222,148,141,5,12
223,99,102,2,14
224,143,152,2,6
225,95,94,1,14
226,130,69,3,19
227,116,73,1,9
228,148,110,1,13
229,121,140,3,5
230,136,143,2,13
231,145,107,3,11
232,88,158,4,10
233,143,76,4,19
234,101,75,4,18
235,113,56,5,1
236,134,91,2,19
237,108,96,2,0
238,117,102,5,7
239,97,108,1,13
240,144,87,4,8
241,80,118,4,1
242,83,136,1,4
243,83,141,3,7
244,106,147,3,15
245,122,102,2,15
246,138,64,5,12
247,111,145,2,19
248,112,75,3,14
249,107,97,1,0
250,134,144,2,2
251,139,68,4,5
252,149,58,4,13
253,141,113,1,3
254,113,142,3,17
255,135,103,4,14
256,92,100,4,8
257,135,88,5,17
258,97,53,2,2
259,133,52,3,9
260,122,113,2,16
261,118,78,3,6
262,140,60,4,14
263,121,146,5,0
264,97,151,2,10
265,102,107,4,16
266,133,124,3,4
267,109,76,2,6
268,137,146,2,18
269,147,70,4,14
270,146,88,2,2
271,97,144,5,14
272,86,151,5,4
273,119,95,4,11
274,149,115,3,19
275,144,140,4,4
276,147,85,5,2
277,128,124,1,8
278,131,131,1,8
279,108,114,2,6
280,100,112,2,1
281,88,148,1,15
282,126,84,5,8
283,121,80,2,12
284,130,77,4,18
285,135,152,4,19
286,130,50,5,16
287,149,74,2,5
288,99,92,4,3
289,106,151,2,0
290,117,133,2,17
291,144,116,4,18
292,133,112,1,8
293,103,100,4,12
294,126,51,5,7
295,142,131,3,12
296,136,157,4,14
297,134,113,2,10
298,139,123,2,11
299,141,118,4,13
300,109,58,3,3
301,101,51,4,0
302,108,83,3,3
303,120,109,3,18
304,121,151,5,8
305,144,110,2,9
306,110,80,2,3
307,109,59,3,19
308,97,125,2,8
309,96,85,1,12
310,117,134,3,11
311,93,98,2,10
312,135,119,1,11
313,101,98,5,17
314,146,52,2,11
315,135,123,1,15
316,98,54,4,4
317,136,159,4,19
318,123,139,1,11
319,114,110,3,10
320,80,134,3,8
321,131,158,2,17
322,149,139,4,2
323,116,151,3,19
324,144,157,3,16
325,130,75,4,13
326,80,121,5,0
327,100,54,3,16
328,132,64,1,7
329,95,65,2,4
330,140,50,3,4
331,133,65,3,8
332,119,86,5,2
333,105,52,1,18
334,144,101,2,8
335,143,96,3,17
336,122,144,2,15
337,96,62,4,0
338,138,129,3,1
339,102,104,3,13
340,86,156,4,13
341,123,70,5,0
342,132,115,3,15
343,113,103,2,14
344,125,76,1,14
345,147,87,2,11
346,95,139,5,15
347,98,107,1,13
348,81,111,2,14
349,89,151,2,14
350,129,95,4,18
351,91,138,5,7
352,149,60,4,1
353,101,121,1,1
354,111,57,4,9
355,80,146,5,2
356,133,120,3,16
357,137,113,3,7
358,149,151,1,3
359,97,70,3,13
360,85,121,4,9
361,124,112,1,0
362,102,134,5,3
363,102,113,1,0
364,105,69,1,16
365,86,57,2,16
366,123,107,2,6
367,106,95,1,19
368,105,80,3,14
369,115,142,2,12
370,134,58,5,1
371,143,64,4,18
372,136,143,2,12
373,148,75,1,10
374,140,59,3,14
375,81,78,4,9
376,134,129,2,8
377,117,85,3,8
378,108,133,3,19
379,105,158,3,0
380,114,86,1,16
381,146,135,5,11
382,108,120,3,9
383,113,72,4,4
384,120,90,2,17
385,120,153,4,14
386,102,142,1,5
387,82,129,1,6
388,137,151,4,16
389,111,77,5,5
390,110,97,1,7
391,122,87,1,11
392,86,80,4,13
393,80,63,1,11
394,140,146,5,9
395,93,122,5,19
396,131,140,5,14
397,85,137,2,6
398,89,126,5,8
399,109,139,5,9
400,100,78,2,9
401,139,100,3,15
402,142,98,1,6
403,121,92,5,4
404,130,141,1,2
405,143,141,4,17
406,135,121,1,10
407,120,136,2,14
408,111,142,1,19
409,94,54,1,4
410,141,91,1,11
411,106,56,3,3
412,107,91,3,14
413,143,85,4,8
414,138,154,2,6
415,137,76,1,9
416,81,107,1,12
417,115,95,1,7
418,92,115,1,11
419,94,74,3,18
420,139,122,4,0
421,101,76,5,15
422,142,50,2,16
423,104,136,1,17
424,127,123,4,10
425,122,91,5,17
426,117,101,4,6
427,120,74,3,17
428,124,103,5,7
429,119,116,4,5
430,96,55,3,6
431,136,107,4,9
432,81,119,4,10
433,141,102,5,12
434,88,115,3,8
435,147,107,1,6
436,96,131,2,8
437,129,136,5,12
438,119,51,3,2
439,137,125,4,2
440,100,71,3,0
441,97,86,2,19
442,134,69,2,1
443,108,152,1,2
444,103,73,1,14
445,96,133,2,5
446,97,114,5,12
447,121,114,5,0
448,124,130,4,19
449,96,50,1,18
450,93,158,4,0
451,128,143,1,1
452,108,154,2,14
453,83,52,5,13
454,99,95,5,18
455,126,104,2,10
456,88,124,4,14
457,106,137,4,5
458,94,135,3,19
459,98,113,1,8
460,131,157,4,4
461,105,94,2,19
462,105,75,4,1
463,105,126,5,5
464,125,114,1,17
465,128,73,3,18
466,132,123,1,8
467,82,84,5,5
468,145,73,5,13
469,121,77,5,12
470,98,149,5,10
471,96,129,2,11
472,112,153,3,18
473,128,65,5,18
474,135,108,5,18
475,142,130,4,12
476,82,103,3,13
477,128,128,1,17
478,134,65,3,11
479,105,64,3,3
480,131,147,3,9
481,86,60,5,16
482,125,114,5,3
483,125,128,2,11
484,95,139,1,12
485,103,117,4,3
486,140,92,3,9
487,133,118,1,2
488,141,148,1,14
489,80,62,2,1
490,128,59,4,16
491,104,124,3,5
492,89,131,4,7
493,95,147,2,2
494,137,152,5,17
495,108,90,1,0
496,85,155,3,15
497,95,99,5,6
498,99,136,2,2
499,122,120,4,3
500,105,108,1,8
501,112,88,3,4
502,105,52,5,18
503,124,125,5,14
504,142,56,1,7
505,146,98,4,5
506,131,75,2,17
507,147,82,4,18
508,105,150,4,14
509,81,97,4,6
510,93,128,1,9
511,109,51,1,5
512,128,154,2,13
513,91,120,4,16
514,123,81,1,8
515,112,53,2,18
516,92,69,2,4
517,105,85,4,6
518,100,81,3,18
519,107,77,4,19
520,127,126,3,6
521,119,50,2,1
522,145,109,1,15
523,102,105,5,12
524,127,84,2,7
525,81,79,1,5
526,99,103,2,5
527,138,85,4,8
528,125,104,3,3
529,82,138,2,10
530,134,129,1,4
531,91,107,4,16
532,119,132,5,19
533,145,114,4,6
534,95,118,3,14
535,113,100,4,14
536,123,71,5,13
537,85,137,1,12
538,143,156,2,10
539,101,158,3,12
540,97,150,5,8
541,91,102,3,9
542,131,149,4,3
543,130,85,3,16
544,127,117,5,13
545,98,85,2,17
546,85,101,2,10
547,106,102,3,15
548,132,131,1,0
549,127,99,3,6
550,86,129,4,9
551,138,90,2,8
552,148,67,2,2
553,90,71,2,13
554,94,115,1,14
555,143,70,1,1
556,82,149,5,13
557,148,93,3,15
558,102,152,3,6
559,132,96,4,3
560,116,88,2,17
561,88,78,1,4
562,94,103,4,5
563,82,139,4,6
564,149,134,1,14
565,96,66,3,0
566,105,129,2,3
567,100,109,3,0
568,100,80,4,10
569,90,122,2,17
570,117,144,5,13
571,114,127,4,10
572,93,98,3,9
573,93,150,3,16
574,89,51,3,3
575,91,97,1,14
576,117,159,4,15
577,113,63,2,12
578,120,108,3,8
579,89,146,3,10
580,96,148,1,10
581,96,107,2,5
582,146,152,4,0
583,141,107,5,5
584,80,100,1,12
585,91,133,4,4
586,83,51,5,14
587,121,90,3,17
588,92,132,3,19
589,83,150,2,13
590,148,131,5,14
591,98,65,3,4
592,81,53,3,3
593,91,61,2,1
594,85,78,4,6
595,87,56,3,9
596,130,63,1,15
597,90,61,1,9
598,142,148,4,17
599,136,54,5,16
600,91,130,2,12
601,81,155,1,0
602,87,81,1,0
603,90,123,4,14
604,132,92,5,0
605,89,130,5,5
606,87,118,4,12
607,115,94,1,0
608,93,155,2,4
609,133,58,1,8
610,100,98,5,16
611,129,82,1,15
612,118,149,2,7
613,99,149,3,16
614,86,67,1,14
615,88,58,4,0
616,80,111,3,11
617,105,106,4,4
618,117,78,4,5
619,117,127,4,0
620,140,74,1,0
621,123,64,5,9
622,123,55,3,9
623,141,91,2,2
624,85,78,5,16
625,96,128,1,18
626,130,142,4,10
627,117,53,2,17
628,103,131,3,1
629,130,106,5,8
630,89,98,5,16
631,100,93,2,13
632,149,152,1,3
633,136,129,3,16
634,118,124,2,16
635,112,63,4,11
636,138,52,3,19
637,97,111,5,17
638,135,155,2,2
639,136,113,5,10
640,127,151,5,17
641,121,94,5,3
642,106,155,1,16
643,131,131,5,17
644,121,107,4,4
645,111,69,4,13
646,105,107,3,9
647,104,138,5,14
648,102,106,5,0
649,136,151,2,15
650,131,126,1,10
651,110,117,3,19
652,143,127,5,5
653,112,146,2,15
654,81,141,1,1
655,97,101,3,0
656,126,86,3,8
657,112,57,5,11
658,114,93,3,16
659,130,147,2,14
660,97,157,3,18
661,109,54,4,9
662,123,118,2,11
663,132,80,1,13
664,89,94,1,8
665,131,58,5,12
666,128,155,5,2
667,90,81,4,13
668,145,82,1,9
669,137,116,1,15
670,115,79,1,6
671,112,125,1,3
672,126,78,3,19
673,92,52,2,10
674,119,139,2,15
675,147,106,4,19
676,121,79,3,3
677,98,58,1,16
678,98,75,1,12
679,137,51,5,10
680,102,111,5,2
681,133,52,4,8
682,144,95,1,5
683,91,117,4,10
684,103,74,3,15
685,113,100,2,18
686,132,62,1,4
687,87,152,3,13
688,97,93,1,16
689,136,84,5,2
690,84,104,4,3
691,105,136,5,15
692,109,58,2,15
693,133,51,5,3
694,92,110,1,18
695,108,90,5,16
696,82,93,1,12
697,137,113,2,0
698,81,80,5,11
699,107,157,4,3
700,81,96,4,10
701,86,51,4,4
702,105,145,5,1
703,95,131,5,16
704,102,126,5,7
705,119,159,1,5
706,139,118,2,8
707,111,107,4,12
708,94,155,1,10
709,92,93,4,15
710,84,123,1,15
711,131,105,5,1
712,120,92,4,9
713,132,138,5,11
714,129,83,4,7
715,94,150,3,10
716,86,79,1,9
717,119,120,3,12
718,107,119,1,16
719,111,104,2,6
720,94,116,4,2
721,149,62,2,19
722,144,52,2,12
723,83,75,1,18
724,90,106,3,6
725,105,73,5,8
726,140,102,1,18
727,116,119,5,12
728,102,92,2,7
729,119,109,5,17
730,102,107,3,1
731,95,98,1,17
732,140,91,3,17
733,147,125,3,10
734,110,149,1,0
735,132,115,3,13
736,104,60,4,15
737,123,152,4,10
738,91,147,4,0
739,88,139,5,6
740,91,67,3,15
741,148,134,1,13
742,133,149,1,14
743,133,153,5,13
744,107,101,1,10
745,135,95,4,15
746,148,93,3,18
747,137,71,1,16
748,121,102,1,5
749,117,108,2,10
750,147,143,2,16
751,132,156,2,8
752,112,79,3,17
753,135,57,4,16
754,130,147,4,11
755,122,106,4,4
756,94,122,3,10
757,117,69,3,3
758,94,153,2,3
759,84,74,1,2
760,133,68,5,16
761,130,54,5,6
762,89,124,1,3
763,91,128,2,12
764,83,121,1,11
765,97,132,1,0
766,115,136,5,18
767,104,76,2,19
768,115,89,3,17
769,146,145,5,10
770,88,75,3,19
771,140,76,2,2
772,132,111,1,16
773,97,132,4,11
774,122,99,4,9
775,114,91,2,7
776,142,78,4,14
777,83,88,3,4
778,120,109,4,3
779,124,90,2,19
780,129,82,2,18
781,107,132,3,3
782,121,150,4,14
783,148,132,4,16
784,80,146,1,11
785,118,65,5,2
786,96,72,2,9
787,114,56,1,14
788,125,75,2,9
789,121,145,1,17
790,118,61,5,0
791,128,121,1,2
792,141,54,2,11
793,117,155,4,0
794,102,141,2,2
795,101,118,3,2
796,83,98,3,4
797,128,75,3,18
798,138,54,3,0
799,147,71,5,3
800,81,128,4,3
801,128,62,4,16
802,110,77,2,13
803,119,82,1,17
804,127,156,2,0
805,130,72,2,15
806,122,146,2,2
807,134,156,2,8
808,128,67,4,3
809,136,79,1,4
810,94,75,2,10
811,106,65,4,8
812,147,126,2,2
813,143,88,3,5
814,109,82,2,10
815,115,75,2,8
816,146,97,5,14
817,128,114,3,2
818,134,87,1,0
819,135,51,2,19
820,147,55,1,18
821,123,95,3,13
822,110,99,2,16
823,137,87,5,13
824,132,155,4,16
825,102,137,5,13
826,107,67,5,11
827,95,76,4,15
828,116,90,4,0
829,100,121,4,12
830,96,141,2,5
831,116,123,1,16
832,98,66,1,11
833,109,111,4,18
834,124,78,5,5
835,97,107,3,6
836,141,119,4,0
837,115,127,5,0
838,131,71,5,4
839,98,55,2,5
840,123,75,2,15
841,86,88,1,15
842,123,61,1,13
843,147,148,3,0
844,113,63,3,12
845,145,71,3,19
846,148,100,3,9
847,134,72,5,9
848,89,97,5,8
849,121,120,1,12
850,120,153,2,2
851,148,99,2,17
852,89,138,4,19
853,89,62,5,1
854,139,134,3,16
855,130,154,3,18
856,100,59,4,12
857,87,104,2,12
858,144,58,3,0
859,109,128,2,1
860,128,101,4,0
861,88,51,2,4
862,96,74,2,2
863,148,62,2,6
864,137,147,3,12
865,136,100,1,17
866,141,107,5,6
867,131,83,2,0
868,140,84,2,4
869,119,151,2,16
870,117,52,1,7
871,122,155,4,14
872,142,108,3,19
873,98,119,1,3
874,129,97,2,1
875,112,113,1,4
876,92,68,1,0
877,141,116,1,4
878,122,131,4,5
879,128,152,5,1
880,115,122,3,0
881,89,125,4,3
882,85,54,4,6
883,136,116,5,0
884,80,60,4,0
885,137,143,1,7
886,100,117,1,19
887,135,118,2,15
888,99,50,4,12
889,133,140,2,17
890,104,141,3,19
891,107,112,1,9
892,84,78,3,11
893,100,131,5,0
894,97,61,1,9
895,126,126,3,8
896,149,90,5,2
897,136,51,3,18
898,98,86,5,8
899,144,94,5,9
900,82,129,1,18
901,121,97,2,15
902,100,73,5,17
903,119,148,5,13
904,146,71,1,2
905,104,149,2,1
906,134,60,4,0
907,131,107,4,17
908,123,95,2,8
909,135,78,3,12
910,134,84,1,1
911,149,64,2,6
912,145,109,4,15
913,98,144,5,18
914,86,91,4,14
915,142,154,5,10
916,121,92,1,0
917,121,129,5,6
918,138,123,2,19
919,99,98,5,7
920,96,113,3,9
921,106,81,2,4
922,126,113,1,8
923,81,51,2,0
924,142,73,3,1
925,141,136,1,18
926,98,115,4,13
927,96,87,3,19
928,148,80,1,9
929,118,153,5,8
930,118,75,2,9
931,115,78,1,5
932,119,116,2,16
933,124,127,5,5
934,83,74,1,3
935,104,97,4,19
936,148,114,3,2
937,109,102,1,18
938,147,116,5,17
939,108,139,1,3
940,147,67,2,7
941,130,58,1,16
942,103,87,4,4
943,93,136,1,12
944,148,70,3,0
945,97,114,1,12
946,121,70,2,3
947,136,76,1,13
948,91,155,4,2
949,96,119,5,4
950,109,93,1,6
951,102,149,1,0
952,80,77,3,11
953,111,94,4,10
954,88,66,5,7
955,94,89,2,5
956,107,52,1,1
957,103,125,5,18
958,139,152,2,19
959,114,125,4,19
960,106,115,4,13
961,99,95,5,0
962,144,135,2,9
963,128,136,4,15
964,80,79,5,3
965,89,118,4,10
966,126,58,4,15
967,138,134,4,19
968,141,60,3,0
969,97,118,2,15
970,125,148,5,18
971,111,140,5,8
972,106,115,2,8
973,97,137,2,8
974,118,80,2,16
975,128,82,2,11
976,123,88,1,12
977,133,143,5,7
978,113,95,1,15
979,115,86,4,17
980,97,141,4,0
981,117,109,5,0
982,138,80,4,11
983,88,60,2,5
984,130,136,1,8
985,114,51,2,4
986,84,153,4,15
987,93,154,1,17
988,109,76,2,16
989,83,148,5,17
990,118,51,2,0
991,143,152,4,18
992,104,150,1,7
993,107,70,5,2
994,145,107,1,4
995,101,54,5,7
996,110,101,1,18
997,102,94,4,17
998,127,134,5,17
999,99,142,3,0
1000,117,69,1,14
